learning_rate,depth,l2_leaf_reg,random_strength,min_data_in_leaf,border_count
0.08109219213900233,6,25.874122109950324,9.782113189306402,88,207
